Taxon,TaxonGroup,Abundance,GridRef
Pararge aegeria,insect - butterfly,,SD65341143
Pieris napi,insect - butterfly,,SD66621006
Pararge aegeria,insect - butterfly,,SD65701139
Inachis io,insect - butterfly,,SD66021055
Pieris napi,insect - butterfly,,SD66251074
Coenonympha pamphilus,insect - butterfly,,SD66271229
Thymelicus sylvestris,insect - butterfly,,SD66331175
Pararge aegeria,insect - butterfly,,SD65501128
Anthocharis cardamines,insect - butterfly,1,SD65821072
Coenonympha pamphilus,insect - butterfly,,SD66111212
Thymelicus sylvestris,insect - butterfly,6,SD66031198
Coenonympha pamphilus,insect - butterfly,,SD66171223
Coenonympha pamphilus,insect - butterfly,,SD66081313
Pararge aegeria,insect - butterfly,,SD65061223
Aglais urticae,insect - butterfly,,SD65071222
Maniola jurtina,insect - butterfly,,SD65111216
Thymelicus sylvestris,insect - butterfly,,SD65121214
Maniola jurtina,insect - butterfly,,SD65191198
Maniola jurtina,insect - butterfly,2,SD65271204
Maniola jurtina,insect - butterfly,4,SD65281206
Maniola jurtina,insect - butterfly,,SD65551176
Pararge aegeria,insect - butterfly,,SD65721091
Pararge aegeria,insect - butterfly,,SD65711088
Pararge aegeria,insect - butterfly,,SD65691085
Maniola jurtina,insect - butterfly,,SD65691084
Aglais urticae,insect - butterfly,2,SD65581078
Maniola jurtina,insect - butterfly,,SD65491088
Maniola jurtina,insect - butterfly,,SD65401095
Maniola jurtina,insect - butterfly,,SD65271107
Thymelicus sylvestris,insect - butterfly,,SD65281107
Maniola jurtina,insect - butterfly,,SD65251108
Aglais urticae,insect - butterfly,,SD65251108
Aglais urticae,insect - butterfly,,SD65231108
Maniola jurtina,insect - butterfly,,SD65201109
Maniola jurtina,insect - butterfly,,SD65151112
Thymelicus sylvestris,insect - butterfly,,SD65131114
Maniola jurtina,insect - butterfly,,SD65111119
Pararge aegeria,insect - butterfly,,SD65091130
Pararge aegeria,insect - butterfly,,SD64961162
Thymelicus sylvestris,insect - butterfly,,SD65081193
Thymelicus sylvestris,insect - butterfly,,SD65051198
Maniola jurtina,insect - butterfly,,SD65011201
Pararge aegeria,insect - butterfly,,SD65071216
Maniola jurtina,insect - butterfly,,SD65111218
Maniola jurtina,insect - butterfly,4,SD65101215
Maniola jurtina,insect - butterfly,,SD65071212
Maniola jurtina,insect - butterfly,,SD65121201
Maniola jurtina,insect - butterfly,,SD65171198
Pararge aegeria,insect - butterfly,2,SD65541141
Inachis io,insect - butterfly,200+,SD66531101
Pararge aegeria,insect - butterfly,,SD65751093
Aglais urticae,insect - butterfly,,SD65111115
Vanessa atalanta,insect - butterfly,,SD64951264
Vanessa atalanta,insect - butterfly,2,SD64931262
Pararge aegeria,insect - butterfly,,SD65511138
Aglais urticae,insect - butterfly,,SD65911126
Maniola jurtina,insect - butterfly,,SD65691077
Maniola jurtina,insect - butterfly,,SD65521087
Maniola jurtina,insect - butterfly,,SD65451091
Aglais urticae,insect - butterfly,,SD65311104
Maniola jurtina,insect - butterfly,,SD65261108
Aglais urticae,insect - butterfly,2,SD65221109
Aglais urticae,insect - butterfly,2,SD65181111
Aglais urticae,insect - butterfly,,SD65151113
Aglais urticae,insect - butterfly,,SD65091117
Maniola jurtina,insect - butterfly,10,SD65071213
Maniola jurtina,insect - butterfly,4,SD65131207
Thymelicus sylvestris,insect - butterfly,,SD65131207
Maniola jurtina,insect - butterfly,,SD65161201
Maniola jurtina,insect - butterfly,,SD66231234
Maniola jurtina,insect - butterfly,,SD66801209
Aglais urticae,insect - butterfly,,SD66811208
Aglais urticae,insect - butterfly,,SD66231009
Aglais urticae,insect - butterfly,,SD66871029
Maniola jurtina,insect - butterfly,,SD66871029
Pyronia tithonus,insect - butterfly,1,SD66871029
Pyronia tithonus,insect - butterfly,1,SD66871029
Maniola jurtina,insect - butterfly,,SD66341060
Pyronia tithonus,insect - butterfly,1,SD66361064
Pyronia tithonus,insect - butterfly,,SD66411069
Thymelicus sylvestris,insect - butterfly,,SD66411069
Maniola jurtina,insect - butterfly,,SD66521089
Pyronia tithonus,insect - butterfly,2,SD66531095
Maniola jurtina,insect - butterfly,,SD65111207
Pyronia tithonus,insect - butterfly,,SD66071205
Pieris napi,insect - butterfly,,SD66241235
Pyronia tithonus,insect - butterfly,1,SD65231225
Pyronia tithonus,insect - butterfly,,SD65241224
Pyronia tithonus,insect - butterfly,,SD65301215
Pieris brassicae,insect - butterfly,,SD65301214
Pyronia tithonus,insect - butterfly,,SD65341210
Pyronia tithonus,insect - butterfly,2,SD65371197
Maniola jurtina,insect - butterfly,,SD66021158
Pyronia tithonus,insect - butterfly,2,SD66031157
Maniola jurtina,insect - butterfly,,SD66041156
Pararge aegeria,insect - butterfly,,SD65731094
Pararge aegeria,insect - butterfly,2,SD65691086
Lycaena phlaeas,insect - butterfly,,SD65701082
Maniola jurtina,insect - butterfly,,SD65691082
Pyronia tithonus,insect - butterfly,,SD65691080
Maniola jurtina,insect - butterfly,,SD65821072
Pieris brassicae,insect - butterfly,,SD66041047
Pyronia tithonus,insect - butterfly,,SD66211028
Pyronia tithonus,insect - butterfly,,SD66371064
Pyronia tithonus,insect - butterfly,,SD66441076
Maniola jurtina,insect - butterfly,,SD66491080
Pyronia tithonus,insect - butterfly,2,SD66501082
Pyronia tithonus,insect - butterfly,,SD66521089
Pyronia tithonus,insect - butterfly,2,SD66521090
Pyronia tithonus,insect - butterfly,2,SD66521091
Pyronia tithonus,insect - butterfly,,SD66521092
Pyronia tithonus,insect - butterfly,2,SD66521093
Inachis io,insect - butterfly,,SD66531096
Pyronia tithonus,insect - butterfly,,SD66531096
Pyronia tithonus,insect - butterfly,2,SD65211109
Maniola jurtina,insect - butterfly,,SD65211109
Pyronia tithonus,insect - butterfly,,SD65071193
Pyronia tithonus,insect - butterfly,,SD65061196
Pyronia tithonus,insect - butterfly,,SD65291205
Pyronia tithonus,insect - butterfly,,SD65701083
Pararge aegeria,insect - butterfly,,SD65691083
Lycaena phlaeas,insect - butterfly,,SD65691081
Pyronia tithonus,insect - butterfly,,SD65691081
Maniola jurtina,insect - butterfly,,SD65861069
Pyronia tithonus,insect - butterfly,,SD66031048
Pieris brassicae,insect - butterfly,,SD66031048
Pyronia tithonus,insect - butterfly,,SD66041044
Pyronia tithonus,insect - butterfly,,SD66201028
Pararge aegeria,insect - butterfly,,SD66191023
Maniola jurtina,insect - butterfly,,SD66161055
Pieris napi,insect - butterfly,2,SD66241068
Pyronia tithonus,insect - butterfly,12,SD66241068
Lycaena phlaeas,insect - butterfly,2,SD66251075
Pyronia tithonus,insect - butterfly,,SD66171108
Pararge aegeria,insect - butterfly,,SD66171108
Inachis io,insect - butterfly,4,SD658112
Aglais urticae,insect - butterfly,1,SD658112
Pieris napi,insect - butterfly,Many,SD6612
Inachis io,insect - butterfly,Few,SD6612
Pararge aegeria,insect - butterfly,1,SD65691083
Pararge aegeria,insect - butterfly,3,SD65701079
Pararge aegeria,insect - butterfly,1,SD658112
Aglais urticae,insect - butterfly,1,SD65981190
Vanessa atalanta,insect - butterfly,1,SD66251240
Pyronia tithonus,insect - butterfly,1,SD66301256
Pieris napi,insect - butterfly,2,SD66821206
Pieris napi,insect - butterfly,3,SD66821206
Lycaena phlaeas,insect - butterfly,2,SD66821206
Lycaena phlaeas,insect - butterfly,1,SD66771202
Pieris napi,insect - butterfly,1,SD66771202
Aglais urticae,insect - butterfly,1,SD40541333
Aglais urticae,insect - butterfly,2,SD40461336
Aglais urticae,insect - butterfly,1,SD40021358
Pararge aegeria,insect - butterfly,1,SD65691086
Pararge aegeria,insect - butterfly,1,SP18396286
Polyommatus icarus,insect - butterfly,1,SP18056337
Polyommatus icarus,insect - butterfly,1,SP18786232
Pyronia tithonus,insect - butterfly,1,SP18866236
Polyommatus icarus,insect - butterfly,1,SP18836235
Pyronia tithonus,insect - butterfly,1,SP18796241
Aglais urticae,insect - butterfly,1,SP19096288
Pieris rapae,insect - butterfly,1,TR20306793
Pararge aegeria,insect - butterfly,2,TR20536854
Pyronia tithonus,insect - butterfly,1,TQ78271092
Lycaena phlaeas,insect - butterfly,1,TQ78271092
Polyommatus icarus,insect - butterfly,1,TQ78281092
Pararge aegeria,insect - butterfly,1,SJ41759007
Aglais urticae,insect - butterfly,1,SD65031225
Lasiommata megera,insect - butterfly,1,SD66151219
Pararge aegeria,insect - butterfly,1,SD65731092
Pararge aegeria,insect - butterfly,1,SJ41669025
Pararge aegeria,insect - butterfly,1,SP33096829
Satyrium w-album,insect - butterfly,1,SJ41799009
Aglais urticae,insect - butterfly,1,SJ41699018
Aglais urticae,insect - butterfly,1,SD65521044
Aglais urticae,insect - butterfly,2,SD58841346
Inachis io,insect - butterfly,1,SJ62169634
Aglais urticae,insect - butterfly,1,SD65861130
Inachis io,insect - butterfly,1,SD65871128
Inachis io,insect - butterfly,2,SD66051046
Polygonia c-album,insect - butterfly,1,SD66051046
Anthocharis cardamines,insect - butterfly,1,SD66051046
Aglais urticae,insect - butterfly,2,SD66051044
Pararge aegeria,insect - butterfly,1,SD66061046
Inachis io,insect - butterfly,1,SD66421002
Aglais urticae,insect - butterfly,1,SD66541042
Aglais urticae,insect - butterfly,1,SD66541046
Inachis io,insect - butterfly,2,SD66421075
Aglais urticae,insect - butterfly,1,SD66431075
Aglais urticae,insect - butterfly,1,SD66151094
Aglais urticae,insect - butterfly,1,SD31131556
Anthocharis cardamines,insect - butterfly,1,SD31161549
Inachis io,insect - butterfly,1,SD66201228
Inachis io,insect - butterfly,1,SD66211231
Aglais urticae,insect - butterfly,1,SD66251234
Aglais urticae,insect - butterfly,1,SD66251237
Inachis io,insect - butterfly,1,SD66241249
Aglais urticae,insect - butterfly,2,SD61951645
Aglais urticae,insect - butterfly,1,SD61901651
Inachis io,insect - butterfly,1,SD61621664
Inachis io,insect - butterfly,1,SD61691713
Aglais urticae,insect - butterfly,1,SD61911650
Aglais urticae,insect - butterfly,1,SD62011627
Inachis io,insect - butterfly,2,SD658112
Anthocharis cardamines,insect - butterfly,1,SD63211208
Inachis io,insect - butterfly,1,SD63211208
Aglais urticae,insect - butterfly,1,SD63221196
Aglais urticae,insect - butterfly,2,SD63211191
Aglais urticae,insect - butterfly,1,SD63211183
Pieris napi,insect - butterfly,1,SD63141182
Inachis io,insect - butterfly,1,SD63141182
Aglais urticae,insect - butterfly,1,SD63081183
Aglais urticae,insect - butterfly,1,SD62991159
Aglais urticae,insect - butterfly,1,SD62991154
Inachis io,insect - butterfly,1,SD63111165
Aglais urticae,insect - butterfly,1,SD63201174
Aglais urticae,insect - butterfly,1,SD63091183
Inachis io,insect - butterfly,1,SD63301180
Anthocharis cardamines,insect - butterfly,1,SD53673526
Anthocharis cardamines,insect - butterfly,1,SD65981062
Inachis io,insect - butterfly,1,SD66041050
Pieris brassicae,insect - butterfly,1,SD66051048
Inachis io,insect - butterfly,1,SD66051047
Anthocharis cardamines,insect - butterfly,1,SD66051046
Pieris napi,insect - butterfly,1,SD66061045
Anthocharis cardamines,insect - butterfly,1,SD66061045
Anthocharis cardamines,insect - butterfly,1,SD66211035
Inachis io,insect - butterfly,1,SD66921026
Aglais urticae,insect - butterfly,1,SD66511064
Aglais urticae,insect - butterfly,1,SD66461077
Anthocharis cardamines,insect - butterfly,1,SD652114
Anthocharis cardamines,insect - butterfly,1,SD65081129
Aglais urticae,insect - butterfly,1,SD65101118
Aglais urticae,insect - butterfly,1,SD65241108
Pieris napi,insect - butterfly,1,SD65701082
Pararge aegeria,insect - butterfly,2,SD65701082
Pararge aegeria,insect - butterfly,1,SD65721092
Anthocharis cardamines,insect - butterfly,1,SD61411224
Pieris napi,insect - butterfly,1,SD61291222
Callophrys rubi,insect - butterfly,5,SD66421262
Callophrys rubi,insect - butterfly,4,SD66441262
Callophrys rubi,insect - butterfly,1,SD66471261
Callophrys rubi,insect - butterfly,1,SD66501260
Callophrys rubi,insect - butterfly,2,SD66531259
Callophrys rubi,insect - butterfly,1,SD66561258
Callophrys rubi,insect - butterfly,1,SD66591257
Callophrys rubi,insect - butterfly,1,SD66601257
Callophrys rubi,insect - butterfly,1,SD66621256
Callophrys rubi,insect - butterfly,2,SD66641255
Callophrys rubi,insect - butterfly,1,SD66651255
Callophrys rubi,insect - butterfly,1,SD66661255
Callophrys rubi,insect - butterfly,1,SD66701254
Callophrys rubi,insect - butterfly,3,SD66711254
Callophrys rubi,insect - butterfly,1,SD66721253
Callophrys rubi,insect - butterfly,1,SD66751253
Callophrys rubi,insect - butterfly,3,SD66761253
Callophrys rubi,insect - butterfly,2,SD66781252
Pieris napi,insect - butterfly,1,SD66901253
Callophrys rubi,insect - butterfly,1,SD66541267
Callophrys rubi,insect - butterfly,1,SD66491268
Inachis io,insect - butterfly,1,SD65411204
Inachis io,insect - butterfly,1,SD65111216
Inachis io,insect - butterfly,1,SD65441199
Inachis io,insect - butterfly,1,SD65511191
Polygonia c-album,insect - butterfly,1,SD65541188
Pieris napi,insect - butterfly,1,SD65571175
Anthocharis cardamines,insect - butterfly,1,SD65541179
Pieris brassicae,insect - butterfly,1,SD65531179
Anthocharis cardamines,insect - butterfly,1,SD65531179
Anthocharis cardamines,insect - butterfly,1,SD65431208
Inachis io,insect - butterfly,1,SD65431208
Pararge aegeria,insect - butterfly,1,SD65221200
Pieris napi,insect - butterfly,1,SD65231138
Pieris napi,insect - butterfly,1,SD65311139
Anthocharis cardamines,insect - butterfly,1,SD65321103
Pieris napi,insect - butterfly,10,SD65331104
Pieris napi,insect - butterfly,1,SD65321102
Anthocharis cardamines,insect - butterfly,1,SD65481089
Pieris napi,insect - butterfly,1,SD65541086
Anthocharis cardamines,insect - butterfly,1,SD65681079
Pararge aegeria,insect - butterfly,1,SD65691079
Anthocharis cardamines,insect - butterfly,1,SD65691079
Pararge aegeria,insect - butterfly,1,SD65711087
Pararge aegeria,insect - butterfly,1,SD65781097
Aglais urticae,insect - butterfly,1,SD65911125
Pieris napi,insect - butterfly,1,SD66521189
Pieris napi,insect - butterfly,1,SD66801204
Pieris napi,insect - butterfly,12,SD66831210
Pieris napi,insect - butterfly,10,SD66691222
Pieris napi,insect - butterfly,1,SD66551235
Callophrys rubi,insect - butterfly,2,SD66281253
Callophrys rubi,insect - butterfly,2,SD66281253
Inachis io,insect - butterfly,1,SD66251240
Callophrys rubi,insect - butterfly,1,SD66231233
Pieris napi,insect - butterfly,1,SD66201228
Inachis io,insect - butterfly,1,SD66201228
Callophrys rubi,insect - butterfly,1,SD66201228
Lycaena phlaeas,insect - butterfly,1,SD66151219
Callophrys rubi,insect - butterfly,1,SD66141217
Anthocharis cardamines,insect - butterfly,1,SD66041200
Pieris napi,insect - butterfly,1,SD66021196
Inachis io,insect - butterfly,1,SD65961188
Aglais urticae,insect - butterfly,1,SD65841177
Aglais urticae,insect - butterfly,1,SD65841175
Inachis io,insect - butterfly,1,SD65881127
Pieris brassicae,insect - butterfly,2,SD65901125
Anthocharis cardamines,insect - butterfly,1,SD65901125
Pieris brassicae,insect - butterfly,1,SD65531186
Pieris napi,insect - butterfly,20,SD65531186
Anthocharis cardamines,insect - butterfly,4,SD65531186
Inachis io,insect - butterfly,3,SD65531186
Gonepteryx rhamni,insect - butterfly,1,SD65531186
Callophrys rubi,insect - butterfly,1,SD65431199
Inachis io,insect - butterfly,1,SD65411207
Inachis io,insect - butterfly,3,SD65411209
Anthocharis cardamines,insect - butterfly,1,SD65321216
Pieris napi,insect - butterfly,1,SD66121257
Callophrys rubi,insect - butterfly,2,SD66321261
Callophrys rubi,insect - butterfly,1,SD66401262
Anthocharis cardamines,insect - butterfly,1,SD61191223
Anthocharis cardamines,insect - butterfly,1,SD65911124
Pieris napi,insect - butterfly,1,SJ41579040
Pararge aegeria,insect - butterfly,2,SJ41789038
Pararge aegeria,insect - butterfly,2,SJ41799034
Pieris rapae,insect - butterfly,1,SJ41769028
Inachis io,insect - butterfly,1,SJ41699019
Vanessa atalanta,insect - butterfly,1,SD65891140
Pieris napi,insect - butterfly,2,SD65641166
Pieris brassicae,insect - butterfly,1,SD65641166
Pararge aegeria,insect - butterfly,1,SD65611170
Anthocharis cardamines,insect - butterfly,1,SD65611170
Pieris brassicae,insect - butterfly,1,SD65611170
Inachis io,insect - butterfly,1,SD65541187
Lycaena phlaeas,insect - butterfly,1,SD65541187
Pieris napi,insect - butterfly,4,SD65541187
Anthocharis cardamines,insect - butterfly,6,SD65541187
Pieris brassicae,insect - butterfly,1,SD65521191
Anthocharis cardamines,insect - butterfly,1,SD65521191
Lycaena phlaeas,insect - butterfly,1,SD65441198
Anthocharis cardamines,insect - butterfly,1,SD65421199
Lycaena phlaeas,insect - butterfly,1,SD65421199
Lycaena phlaeas,insect - butterfly,2,SD65411200
Inachis io,insect - butterfly,1,SD65121214
Anthocharis cardamines,insect - butterfly,1,SD65131214
Pieris napi,insect - butterfly,1,SD64741252
Lycaena phlaeas,insect - butterfly,1,SD64851280
Pieris napi,insect - butterfly,1,SD66031049
Pararge aegeria,insect - butterfly,2,SD66051046
Polygonia c-album,insect - butterfly,1,SD66051046
Celastrina argiolus,insect - butterfly,1,SD66051046
Pieris napi,insect - butterfly,1,SD66071047
Inachis io,insect - butterfly,2,SD66061044
Pieris napi,insect - butterfly,1,SD66561051
Lycaena phlaeas,insect - butterfly,1,SD66511055
Pieris napi,insect - butterfly,3,SD66511055
Aglais urticae,insect - butterfly,1,SD66511055
Anthocharis cardamines,insect - butterfly,1,SD66511056
Lycaena phlaeas,insect - butterfly,1,SD66541054
Anthocharis cardamines,insect - butterfly,3,SD66541055
Aglais urticae,insect - butterfly,2,SD66441070
Aglais urticae,insect - butterfly,1,SD66431072
Anthocharis cardamines,insect - butterfly,1,SD65211109
Pieris napi,insect - butterfly,1,SD65081099
Pararge aegeria,insect - butterfly,1,SD64871075
Pieris napi,insect - butterfly,1,SD64871075
Pieris napi,insect - butterfly,1,SD64801072
Lycaena phlaeas,insect - butterfly,2,SD64831072
Inachis io,insect - butterfly,1,SD64831072
Pararge aegeria,insect - butterfly,3,SD64851075
Anthocharis cardamines,insect - butterfly,1,SD64921081
Anthocharis cardamines,insect - butterfly,1,SD65131103
Pararge aegeria,insect - butterfly,1,SJ41739034
Pararge aegeria,insect - butterfly,1,SJ41699015
Pieris napi,insect - butterfly,1,SJ41779041
Pararge aegeria,insect - butterfly,2,SJ41779040
Pieris napi,insect - butterfly,1,SJ41799035
Pieris napi,insect - butterfly,1,SJ41979009
Pieris napi,insect - butterfly,1,SD66501055
Pieris napi,insect - butterfly,2,SJ41778996
Pararge aegeria,insect - butterfly,2,SJ41769039
Pieris napi,insect - butterfly,1,SJ41779038
Polyommatus icarus,insect - butterfly,1,SJ41909022
Pieris napi,insect - butterfly,1,SJ60529250
Vanessa atalanta,insect - butterfly,1,SJ41799009
Pieris rapae,insect - butterfly,1,SD65911124
Pararge aegeria,insect - butterfly,1,SD61311227
Pieris rapae,insect - butterfly,1,SD66921028
Pieris brassicae,insect - butterfly,1,SD66171110
Pararge aegeria,insect - butterfly,2,SP18656253
Pararge aegeria,insect - butterfly,1,SP18616247
Pieris rapae,insect - butterfly,1,SP18656236
Ochlodes sylvanus,insect - butterfly,1,SP18766230
Ochlodes sylvanus,insect - butterfly,1,SP18936240
Pararge aegeria,insect - butterfly,1,SP21254636
Polyommatus icarus,insect - butterfly,1,SD30160933
Pararge aegeria,insect - butterfly,1,SD65311134
Maniola jurtina,insect - butterfly,1,SD45311070
Pararge aegeria,insect - butterfly,2,SD45191061
Ochlodes sylvanus,insect - butterfly,1,SD45281058
Pararge aegeria,insect - butterfly,1,SD45311070
Pararge aegeria,insect - butterfly,1,SD66531041
Aglais urticae,insect - butterfly,1,SJ41789008
Pararge aegeria,insect - butterfly,1,SD64681259
Lycaena phlaeas,insect - butterfly,1,SD64941288
Aglais urticae,insect - butterfly,1,SD64501220
Pieris brassicae,insect - butterfly,1,SD64471212
Aglais urticae,insect - butterfly,1,SD65361125
Pararge aegeria,insect - butterfly,1,SD65321127
Pieris brassicae,insect - butterfly,1,SJ41799008
Aglais urticae,insect - butterfly,1,SD65331127
Pararge aegeria,insect - butterfly,1,SD65541141
Aglais urticae,insect - butterfly,1,SD38950000
Vanessa atalanta,insect - butterfly,1,SJ389999
Aglais urticae,insect - butterfly,2,SJ38899967
Maniola jurtina,insect - butterfly,2,SD65511185
Inachis io,insect - butterfly,1,SJ41289022
Coenonympha pamphilus,insect - butterfly,1,SD64651516
Aglais urticae,insect - butterfly,1,SD65521184
Aglais urticae,insect - butterfly,1,SD65531187
Pararge aegeria,insect - butterfly,1,SD65431199
Aglais urticae,insect - butterfly,1,SD65341201
Pararge aegeria,insect - butterfly,1,SD65281205
Maniola jurtina,insect - butterfly,1,SD65241202
Maniola jurtina,insect - butterfly,1,SD65151204
Maniola jurtina,insect - butterfly,1,SD65131208
Maniola jurtina,insect - butterfly,1,SD65121213
Vanessa atalanta,insect - butterfly,1,SD65231212
Maniola jurtina,insect - butterfly,1,SD65451205
Aglais urticae,insect - butterfly,1,SD65481204
Aglais urticae,insect - butterfly,1,SD66041199
Ochlodes sylvanus,insect - butterfly,1,SD66041201
Coenonympha pamphilus,insect - butterfly,1,SD66081207
Coenonympha pamphilus,insect - butterfly,1,SD66081209
Coenonympha pamphilus,insect - butterfly,1,SD66121212
Coenonympha pamphilus,insect - butterfly,2,SD66151218
Coenonympha pamphilus,insect - butterfly,2,SD66161220
Coenonympha pamphilus,insect - butterfly,1,SD66231234
Ochlodes sylvanus,insect - butterfly,1,SD66251239
Coenonympha pamphilus,insect - butterfly,1,SD66261243
Coenonympha pamphilus,insect - butterfly,1,SD66281253
Pieris brassicae,insect - butterfly,1,SD66341263
Aglais urticae,insect - butterfly,1,SD66501258
Coenonympha pamphilus,insect - butterfly,1,SD66611255
Coenonympha pamphilus,insect - butterfly,2,SD66631254
Coenonympha pamphilus,insect - butterfly,1,SD66691255
Aglais urticae,insect - butterfly,1,SD66831272
Pararge aegeria,insect - butterfly,1,SD66951250
Aglais urticae,insect - butterfly,1,SD67331239
Pieris brassicae,insect - butterfly,1,SD67161225
Aglais urticae,insect - butterfly,3,SD67141225
Vanessa atalanta,insect - butterfly,1,SD67071224
Aglais urticae,insect - butterfly,1,SD66931213
Aglais urticae,insect - butterfly,1,SD66571192
Maniola jurtina,insect - butterfly,1,SD66051157
Maniola jurtina,insect - butterfly,1,SD66051155
Maniola jurtina,insect - butterfly,1,SD65521184
Coenonympha pamphilus,insect - butterfly,1,SD66111159
Ochlodes sylvanus,insect - butterfly,1,SD64701384
Vanessa atalanta,insect - butterfly,1,SD64661347
Maniola jurtina,insect - butterfly,1,SD64721286
Aglais urticae,insect - butterfly,1,SD64411270
Pararge aegeria,insect - butterfly,2,SD63921283
Polygonia c-album,insect - butterfly,1,SD65701086
Pararge aegeria,insect - butterfly,1,SD65691080
Maniola jurtina,insect - butterfly,1,SD65701076
Maniola jurtina,insect - butterfly,1,SD65751074
Maniola jurtina,insect - butterfly,1,SD65801073
Maniola jurtina,insect - butterfly,1,SD66031055
Maniola jurtina,insect - butterfly,1,SD66031052
Polygonia c-album,insect - butterfly,1,SD66051046
Pararge aegeria,insect - butterfly,1,SD66041045
Inachis io,insect - butterfly,1,SD66051044
Aglais urticae,insect - butterfly,1,SD66211016
Aglais urticae,insect - butterfly,1,SD66851007
Maniola jurtina,insect - butterfly,1,SD66901012
Maniola jurtina,insect - butterfly,3,SD66871029
Maniola jurtina,insect - butterfly,1,SD66861030
Aglais urticae,insect - butterfly,1,SD66541040
Maniola jurtina,insect - butterfly,1,SD66541045
Pararge aegeria,insect - butterfly,1,SD66541055
Maniola jurtina,insect - butterfly,2,SD66521055
Ochlodes sylvanus,insect - butterfly,4,SD66511055
Maniola jurtina,insect - butterfly,1,SD66561056
Maniola jurtina,insect - butterfly,4,SD66531063
Maniola jurtina,insect - butterfly,1,SD66531063
Maniola jurtina,insect - butterfly,3,SD66471067
Maniola jurtina,insect - butterfly,1,SD66421073
Maniola jurtina,insect - butterfly,1,SD66311056
Maniola jurtina,insect - butterfly,1,SD66301056
Maniola jurtina,insect - butterfly,1,SD66231046
Maniola jurtina,insect - butterfly,1,SD66191060
Pararge aegeria,insect - butterfly,1,SD66241084
Maniola jurtina,insect - butterfly,1,SD66151093
Lycaena phlaeas,insect - butterfly,1,SD66171108
Hipparchia semele,insect - butterfly,1,SD45707758
Boloria selene,insect - butterfly,P,SD45707757
Hipparchia semele,insect - butterfly,abundant,SD45637730
Pieris napi,insect - butterfly,1,SD45147699
Maniola jurtina,insect - butterfly,1,SD45687721
Vanessa atalanta,insect - butterfly,1,SD45887734
Pararge aegeria,insect - butterfly,1,SD46107674
Aphantopus hyperantus,insect - butterfly,1,SD47387490
Pieris napi,insect - butterfly,1,SD30131364
Maniola jurtina,insect - butterfly,1,SD66051046
Argynnis adippe,insect - butterfly,,SD45707757
Vanessa atalanta,insect - butterfly,1,SD65911124
Maniola jurtina,insect - butterfly,1,SD65911125
Aglais urticae,insect - butterfly,1,SD65901124
Aglais urticae,insect - butterfly,1,SD65911125
Aglais urticae,insect - butterfly,1,SD65341127
Lycaena phlaeas,insect - butterfly,1,SJ41799010
Aglais urticae,insect - butterfly,2,SD65311133
Vanessa atalanta,insect - butterfly,1,SD65531139
Vanessa atalanta,insect - butterfly,2,SD65491139
Aglais urticae,insect - butterfly,1,SD65361125
Pieris brassicae,insect - butterfly,1,SX10568320
Aphantopus hyperantus,insect - butterfly,1,SX10558313
Aphantopus hyperantus,insect - butterfly,1,SX10578302
Maniola jurtina,insect - butterfly,1,SX10538291
Aphantopus hyperantus,insect - butterfly,1,SX10338293
Vanessa atalanta,insect - butterfly,1,SX10408321
Pieris napi,insect - butterfly,1,SX05408648
Maniola jurtina,insect - butterfly,1,SX05418649
Lycaena phlaeas,insect - butterfly,1,SX05418649
Thymelicus sylvestris,insect - butterfly,1,SX05438649
Aphantopus hyperantus,insect - butterfly,1,SX05438649
Polygonia c-album,insect - butterfly,,SX10089086
Polyommatus icarus,insect - butterfly,P,SX05418649
Pieris napi,insect - butterfly,1,SX10648338
Pararge aegeria,insect - butterfly,1,SX10548292
Pieris napi,insect - butterfly,1,SX10428280
Pieris napi,insect - butterfly,1,SX10428280
Pieris napi,insect - butterfly,1,SX10428279
Pieris napi,insect - butterfly,1,SX10498288
Lycaena phlaeas,insect - butterfly,1,SX10558299
Pararge aegeria,insect - butterfly,1,SX10578304
Pararge aegeria,insect - butterfly,1,SX10658345
Aphantopus hyperantus,insect - butterfly,1,SX10568318
Pieris napi,insect - butterfly,3,SX10558313
Maniola jurtina,insect - butterfly,1,SX10558312
Vanessa atalanta,insect - butterfly,1,SX10568307
Pieris napi,insect - butterfly,3,SX10568305
Lycaena phlaeas,insect - butterfly,1,SX10568304
Lycaena phlaeas,insect - butterfly,1,SX10568303
Lycaena phlaeas,insect - butterfly,1,SX10568303
Lycaena phlaeas,insect - butterfly,2,SX10568302
Pieris napi,insect - butterfly,1,SX10558302
Maniola jurtina,insect - butterfly,1,SX10558302
Lycaena phlaeas,insect - butterfly,1,SX10558301
Maniola jurtina,insect - butterfly,1,SX10558300
Pieris napi,insect - butterfly,1,SX10528289
Vanessa atalanta,insect - butterfly,3,SX10518288
Inachis io,insect - butterfly,1,SX10508288
Pararge aegeria,insect - butterfly,1,SX10498287
Maniola jurtina,insect - butterfly,1,SX10448282
Maniola jurtina,insect - butterfly,1,SX10428280
Pararge aegeria,insect - butterfly,1,SX10418280
Pieris napi,insect - butterfly,2,SX10408276
Pieris brassicae,insect - butterfly,1,SX10428281
Vanessa atalanta,insect - butterfly,1,SX10568298
Aphantopus hyperantus,insect - butterfly,1,SX10558314
Pieris napi,insect - butterfly,1,SX10658346
Pararge aegeria,insect - butterfly,2,SX10658358
Vanessa atalanta,insect - butterfly,1,SX10518367
Maniola jurtina,insect - butterfly,1,SX05348836
Pyronia tithonus,insect - butterfly,1,SX05278838
Pyronia tithonus,insect - butterfly,P,SX05258839
Maniola jurtina,insect - butterfly,1,SX04928818
Maniola jurtina,insect - butterfly,1,SX04928817
Maniola jurtina,insect - butterfly,2,SX04788797
Maniola jurtina,insect - butterfly,1,SX04698778
Pyronia tithonus,insect - butterfly,1,SX04668775
Aphantopus hyperantus,insect - butterfly,1,SX04658773
Maniola jurtina,insect - butterfly,1,SX04648772
Thymelicus sylvestris,insect - butterfly,P,SX04638773
Lasiommata megera,insect - butterfly,P,SX04638773
Aphantopus hyperantus,insect - butterfly,1,SX10678348
Pararge aegeria,insect - butterfly,1,SX10668347
Pieris napi,insect - butterfly,1,SX10408276
Vanessa atalanta,insect - butterfly,1,SX10468286
Pararge aegeria,insect - butterfly,1,SX10558316
Pyronia tithonus,insect - butterfly,1,SX00328036
Inachis io,insect - butterfly,1,SX05488845
Pyronia tithonus,insect - butterfly,3,SD64861283
Pararge aegeria,insect - butterfly,1,SD65321131
Pyronia tithonus,insect - butterfly,1,SD65321131
Pararge aegeria,insect - butterfly,2,SD65321129
Maniola jurtina,insect - butterfly,1,SD40701342
Pieris napi,insect - butterfly,1,SX10568303
Pararge aegeria,insect - butterfly,1,SX10518288
Maniola jurtina,insect - butterfly,1,SX10518288
Pieris napi,insect - butterfly,1,SX10498287
Pieris napi,insect - butterfly,,SX10448282
Pieris napi,insect - butterfly,1,SX10418280
Maniola jurtina,insect - butterfly,2,SX04778797
Lycaena phlaeas,insect - butterfly,P,SX04638773
Aphantopus hyperantus,insect - butterfly,P,SX04638773
Pyronia tithonus,insect - butterfly,P,SX04638773
Maniola jurtina,insect - butterfly,100s,SX04638773
Pieris napi,insect - butterfly,1,SX10678348
Pararge aegeria,insect - butterfly,1,SJ41749025
Pieris brassicae,insect - butterfly,1,SJ41769007
Inachis io,insect - butterfly,1,SD66561061
Lycaena phlaeas,insect - butterfly,1,SD66501064
Pararge aegeria,insect - butterfly,1,SD66361063
Pyronia tithonus,insect - butterfly,1,SD66331060
Pararge aegeria,insect - butterfly,1,SD66261051
Pararge aegeria,insect - butterfly,1,SD65681078
Pararge aegeria,insect - butterfly,1,SD65701087
Pararge aegeria,insect - butterfly,2,SD65691079
Pyronia tithonus,insect - butterfly,1,SD65101123
Maniola jurtina,insect - butterfly,1,SD27890525
Pieris napi,insect - butterfly,1,SD66701035
Maniola jurtina,insect - butterfly,1,SD66141215
Maniola jurtina,insect - butterfly,1,SD66141215
Pyronia tithonus,insect - butterfly,1,SD66231167
Polyommatus icarus,insect - butterfly,2,SD35942688
Pararge aegeria,insect - butterfly,1,SP16876262
Pieris rapae,insect - butterfly,1,SP18656224
Lycaena phlaeas,insect - butterfly,1,SP18756230
Lycaena phlaeas,insect - butterfly,2,SP18786233
Polyommatus icarus,insect - butterfly,1,SP18756230
Vanessa atalanta,insect - butterfly,1,SD658112
Vanessa atalanta,insect - butterfly,1,SD65911126
Pararge aegeria,insect - butterfly,1,SD64931262
Vanessa atalanta,insect - butterfly,1,TQ94651841
Maniola jurtina,insect - butterfly,1,TQ52346404
Inachis io,insect - butterfly,3,SD658112
Aglais urticae,insect - butterfly,1,SD658112
Gonepteryx rhamni,insect - butterfly,2,SD658112
Anthocharis cardamines,insect - butterfly,1,SD384008
Gonepteryx rhamni,insect - butterfly,1,SD384008
Pararge aegeria,insect - butterfly,1,SD384008
Pararge aegeria,insect - butterfly,1,SD720105
Lasiommata megera,insect - butterfly,1,SD671121
Aglais urticae,insect - butterfly,1,SD72071056
Polygonia c-album,insect - butterfly,1,SD72091056
Vanessa cardui,insect - butterfly,1,SD720106
Polyommatus icarus,insect - butterfly,1,SJ543939
Aglais urticae,insect - butterfly,1,SD658112
Inachis io,insect - butterfly,3,SD658112
Aglais urticae,insect - butterfly,1,SD65911125
Aglais urticae,insect - butterfly,1,SD65691074
Inachis io,insect - butterfly,1,SD66051046
Aglais urticae,insect - butterfly,1,SD66061042
Aglais urticae,insect - butterfly,1,SD66421074
Inachis io,insect - butterfly,1,SD66441077
Inachis io,insect - butterfly,1,SD65391202
Aglais urticae,insect - butterfly,1,SD65441198
Aglais urticae,insect - butterfly,1,SD65191240
Aglais urticae,insect - butterfly,2,SD65891124
Inachis io,insect - butterfly,1,SD658112
Anthocharis cardamines,insect - butterfly,1,SD658112
Maniola jurtina,insect - butterfly,P,SD657107
Pyronia tithonus,insect - butterfly,P,SD660116
Inachis io,insect - butterfly,2,SD639101
Hipparchia semele,insect - butterfly,1,SD30061365
Inachis io,insect - butterfly,2,SD660121
Inachis io,insect - butterfly,1,SD659129
Aglais urticae,insect - butterfly,1,SD659129
Inachis io,insect - butterfly,2,SD659113
Inachis io,insect - butterfly,5,SD664135
Inachis io,insect - butterfly,1,SD67031362
Aglais urticae,insect - butterfly,1,SD34710281
Polyommatus icarus,insect - butterfly,1,SJ575945
Polyommatus icarus,insect - butterfly,1,SJ506917
Pieris brassicae,insect - butterfly,1,SD368193
Pieris brassicae,insect - butterfly,1,SJ526981
Pieris brassicae,insect - butterfly,1,SJ457906
Maniola jurtina,insect - butterfly,1,SJ527925
Maniola jurtina,insect - butterfly,1,SJ575945
Maniola jurtina,insect - butterfly,1,SJ457906
Inachis io,insect - butterfly,1,SJ575945
Inachis io,insect - butterfly,1,SD368193
Inachis io,insect - butterfly,1,SJ457906
Inachis io,insect - butterfly,1,SJ506917
Thymelicus sylvestris,insect - butterfly,1,SJ527925
Pieris rapae,insect - butterfly,1,SJ457906
Pararge aegeria,insect - butterfly,1,SJ472905
Pararge aegeria,insect - butterfly,1,SJ457906
Pyronia tithonus,insect - butterfly,P,SJ545962
Pyronia tithonus,insect - butterfly,P,SJ471891
Pyronia tithonus,insect - butterfly,1,SD368193
Pyronia tithonus,insect - butterfly,1,SJ457906
Pyronia tithonus,insect - butterfly,1,SJ575945
Pyronia tithonus,insect - butterfly,1,SJ526981
Pyronia tithonus,insect - butterfly,P,SJ478852
Pieris napi,insect - butterfly,P,SJ440856
Maniola jurtina,insect - butterfly,P,SJ545962
Maniola jurtina,insect - butterfly,P,SJ471891
Maniola jurtina,insect - butterfly,P,SJ545957
Maniola jurtina,insect - butterfly,P,SJ440856
Maniola jurtina,insect - butterfly,P,SJ501887
Thymelicus sylvestris,insect - butterfly,P,SJ471891
Pararge aegeria,insect - butterfly,P,SJ545957
Thymelicus,insect - butterfly,P,SJ542958
Pieris napi,insect - butterfly,1,SD65311127
Lycaena phlaeas,insect - butterfly,,TL87358228
Pararge aegeria,insect - butterfly,1,SD65321129
Pieris napi,insect - butterfly,1,SD65901125
Lycaena phlaeas,insect - butterfly,1,TL87058095
Anthocharis cardamines,insect - butterfly,,TL82478004
Inachis io,insect - butterfly,1,SD66251238
Pieris napi,insect - butterfly,1,SD65321127
Anthocharis cardamines,insect - butterfly,1,SJ64419841
Inachis io,insect - butterfly,1,SD65541188
Pieris napi,insect - butterfly,2,SD65521191
Inachis io,insect - butterfly,1,SD65401202
Pieris napi,insect - butterfly,1,SD65541188
Pieris napi,insect - butterfly,1,SD65581083
Pieris brassicae,insect - butterfly,1,SD64891240
Anthocharis cardamines,insect - butterfly,1,SD64911238
Pieris napi,insect - butterfly,1,SD64951234
Pieris napi,insect - butterfly,1,SD65031231
Pieris napi,insect - butterfly,1,SD65131207
Pieris napi,insect - butterfly,1,SD65251202
Pieris napi,insect - butterfly,18,SD655117
Pieris napi,insect - butterfly,2,SD65601169
Pieris napi,insect - butterfly,1,SD66601256
Pieris napi,insect - butterfly,1,SD66871251
Pararge aegeria,insect - butterfly,1,SD66931250
Anthocharis cardamines,insect - butterfly,1,SD67141247
Pieris napi,insect - butterfly,2,SD67151247
Pieris napi,insect - butterfly,1,SD67161248
Inachis io,insect - butterfly,1,SD66901254
Callophrys rubi,insect - butterfly,1,SD66161270
Pieris napi,insect - butterfly,10,SD65521184
Inachis io,insect - butterfly,1,SD65541186
Pieris brassicae,insect - butterfly,1,SD65521190
Pieris napi,insect - butterfly,1,SD65511196
Inachis io,insect - butterfly,1,SD65381206
Lycaena phlaeas,insect - butterfly,1,SD65471207
Pieris napi,insect - butterfly,1,SD65461207
Lycaena phlaeas,insect - butterfly,1,SD65411206
Pieris brassicae,insect - butterfly,1,SD65301215
Lycaena phlaeas,insect - butterfly,1,SD64991267
Lycaena phlaeas,insect - butterfly,2,SD64951266
Callophrys rubi,insect - butterfly,1,SD64931268
Pieris napi,insect - butterfly,1,SD64941269
Pieris napi,insect - butterfly,1,SD64751269
Pieris napi,insect - butterfly,3,SD64701264
Pieris brassicae,insect - butterfly,1,SD64721264
Pieris napi,insect - butterfly,2,SD64871242
Anthocharis cardamines,insect - butterfly,1,SD65531185
Pararge aegeria,insect - butterfly,1,SD65551139
Pieris napi,insect - butterfly,1,SD65931146
Pieris napi,insect - butterfly,1,SJ41769006
Pieris napi,insect - butterfly,1,SD65231136
Vanessa atalanta,insect - butterfly,1,SD65901127
Maniola jurtina,insect - butterfly,1,SD65441196
Maniola jurtina,insect - butterfly,1,SD65381204
Pararge aegeria,insect - butterfly,1,SD65561176
Aglais urticae,insect - butterfly,1,SD65731157
Thymelicus sylvestris,insect - butterfly,1,SD44690766
Maniola jurtina,insect - butterfly,1,SD44670766
Aglais urticae,insect - butterfly,1,SJ62209606
Maniola jurtina,insect - butterfly,1,SD65371202
Maniola jurtina,insect - butterfly,2,SD65321127
Pararge aegeria,insect - butterfly,1,SD65311132
Aglais urticae,insect - butterfly,1,SD65911125
Maniola jurtina,insect - butterfly,2,SD65951117
Maniola jurtina,insect - butterfly,2,SD65421197
Pararge aegeria,insect - butterfly,2,SD65081246
Ochlodes sylvanus,insect - butterfly,1,SD64801262
Aglais urticae,insect - butterfly,2,SD64721253
Maniola jurtina,insect - butterfly,1,SD65121213
Maniola jurtina,insect - butterfly,1,SD65601171
Maniola jurtina,insect - butterfly,1,SD65171200
Maniola jurtina,insect - butterfly,1,SD65341126
Maniola jurtina,insect - butterfly,1,SD65391124
Maniola jurtina,insect - butterfly,3,SD65391124
Ochlodes sylvanus,insect - butterfly,1,SD65331126
Polyommatus icarus,insect - butterfly,1,SD30411429
Maniola jurtina,insect - butterfly,1,SD65381124
Aglais urticae,insect - butterfly,1,SD65911126
Aglais urticae,insect - butterfly,1,SD65381124
Pyronia tithonus,insect - butterfly,2,SJ41778994
Maniola jurtina,insect - butterfly,1,SD65331126
Maniola jurtina,insect - butterfly,1,SD65351207
Aglais urticae,insect - butterfly,1,SD65831139
Maniola jurtina,insect - butterfly,1,SD65321129
Maniola jurtina,insect - butterfly,1,SD65111213
Maniola jurtina,insect - butterfly,1,SD65151201
Maniola jurtina,insect - butterfly,1,SD65331127
Maniola jurtina,insect - butterfly,1,SD65381123
Pieris brassicae,insect - butterfly,1,SD65511133
Pieris napi,insect - butterfly,3,SD65511133
Pararge aegeria,insect - butterfly,1,SD65331144
Maniola jurtina,insect - butterfly,1,SD65301134
Pieris napi,insect - butterfly,1,SD65321130
Maniola jurtina,insect - butterfly,3,SD65351125
Maniola jurtina,insect - butterfly,2,SD65281205
Pyronia tithonus,insect - butterfly,1,SD65311203
Inachis io,insect - butterfly,1,SD65241203
Pieris napi,insect - butterfly,1,SD65191198
Aglais urticae,insect - butterfly,1,SD65321203
Thymelicus sylvestris,insect - butterfly,P,SD65241203
Maniola jurtina,insect - butterfly,P,SD65241203
Pyronia tithonus,insect - butterfly,P,SD65241203
Pieris brassicae,insect - butterfly,1,TG18122434
Maniola jurtina,insect - butterfly,A,TG17902426
Lycaena phlaeas,insect - butterfly,1,TG17802405
Pyronia tithonus,insect - butterfly,1,TG17712389
Pyronia tithonus,insect - butterfly,2,TG17672414
Limenitis camilla,insect - butterfly,1,TG17642414
Gonepteryx rhamni,insect - butterfly,1,TG17642415
Pyronia tithonus,insect - butterfly,3,TG17662415
Pyronia tithonus,insect - butterfly,1,SP61281150
Argynnis paphia,insect - butterfly,1,SP61281150
Polygonia c-album,insect - butterfly,1,SP66580698
Pyronia tithonus,insect - butterfly,P,TQ688891
Inachis io,insect - butterfly,1,TG18162434
Pieris brassicae,insect - butterfly,1,TG18142434
Maniola jurtina,insect - butterfly,1,TG17762419
Lycaena phlaeas,insect - butterfly,1,TG17712392
Argynnis paphia,insect - butterfly,1,SP61411158
Gonepteryx rhamni,insect - butterfly,1,SP61421158
Aphantopus hyperantus,insect - butterfly,1,SP61521167
Gonepteryx rhamni,insect - butterfly,1,SP61731180
Pararge aegeria,insect - butterfly,1,SP61771186
Gonepteryx rhamni,insect - butterfly,2,SP61881185
Gonepteryx rhamni,insect - butterfly,5,SP61891184
Argynnis paphia,insect - butterfly,,SP62041182
Pararge aegeria,insect - butterfly,1,SP62271173
Pararge aegeria,insect - butterfly,1,SP62261195
Pararge aegeria,insect - butterfly,2,SP62221195
Pararge aegeria,insect - butterfly,1,SP62041205
Pararge aegeria,insect - butterfly,2,SP61921194
Pararge aegeria,insect - butterfly,1,SP61531170
Inachis io,insect - butterfly,1,SP61201154
Inachis io,insect - butterfly,1,SP61411158
Pyronia tithonus,insect - butterfly,1,SP61411158
Maniola jurtina,insect - butterfly,1,SP61881185
Maniola jurtina,insect - butterfly,1,SP61891184
Gonepteryx rhamni,insect - butterfly,1,SP61531170
Thymelicus sylvestris,insect - butterfly,,SP61201154
Pyronia tithonus,insect - butterfly,P,SP66570697
Pyronia tithonus,insect - butterfly,1,SD65511180
Pyronia tithonus,insect - butterfly,1,SD65361203
Lycaena phlaeas,insect - butterfly,,SD65351207
Maniola jurtina,insect - butterfly,1,SD65351207
Maniola jurtina,insect - butterfly,1,SD65341209
Pieris napi,insect - butterfly,1,SD65351212
Pieris napi,insect - butterfly,2,SD65351212
Pararge aegeria,insect - butterfly,1,SD65351212
Pyronia tithonus,insect - butterfly,5,SD65051284
Thymelicus sylvestris,insect - butterfly,1,SD65001287
Pieris napi,insect - butterfly,1,SD65001288
Lycaena phlaeas,insect - butterfly,1,SD65001288
Maniola jurtina,insect - butterfly,1,SD64981289
Lycaena phlaeas,insect - butterfly,2,SD64921286
Maniola jurtina,insect - butterfly,1,SD64731253
Aglais urticae,insect - butterfly,1,SD64901238
Pyronia tithonus,insect - butterfly,1,SD64931237
Aglais urticae,insect - butterfly,2,SD64991233
Lasiommata megera,insect - butterfly,1,SD65041225
Pyronia tithonus,insect - butterfly,1,SD65201202
Thymelicus sylvestris,insect - butterfly,P,SD65211204
Thymelicus sylvestris,insect - butterfly,1,SD65361198
Pieris napi,insect - butterfly,1,SD65371196
Pyronia tithonus,insect - butterfly,1,SD65371196
Pieris brassicae,insect - butterfly,P,SP66570697
Inachis io,insect - butterfly,P,SP66570697
Pararge aegeria,insect - butterfly,1,SD65511180
Maniola jurtina,insect - butterfly,1,SD64921286
Pieris napi,insect - butterfly,P,SD65211204
Pyronia tithonus,insect - butterfly,P,SD65211204
Pieris napi,insect - butterfly,1,SD65231137
Pyronia tithonus,insect - butterfly,1,SD65401204
Pararge aegeria,insect - butterfly,1,SD65341209
Pyronia tithonus,insect - butterfly,1,SD65311214
Pyronia tithonus,insect - butterfly,1,SD65161200
Maniola jurtina,insect - butterfly,1,SD65401204
Maniola jurtina,insect - butterfly,1,SD65311214
Pieris napi,insect - butterfly,1,SD65321128
Inachis io,insect - butterfly,1,SD65451134
Pararge aegeria,insect - butterfly,1,SD65511136
Lasiommata megera,insect - butterfly,1,SD64821245
Celastrina argiolus,insect - butterfly,1,SD65891125
Maniola jurtina,insect - butterfly,1,SD65381204
Inachis io,insect - butterfly,1,SD65391204
Aglais urticae,insect - butterfly,1,SD65411202
Aglais urticae,insect - butterfly,1,SD65451204
Inachis io,insect - butterfly,1,SD65461205
Polygonia c-album,insect - butterfly,1,SD65441206
Inachis io,insect - butterfly,1,SD65371205
Inachis io,insect - butterfly,1,SD65311215
Maniola jurtina,insect - butterfly,1,SD65151203
Maniola jurtina,insect - butterfly,1,SD65241204
Aglais urticae,insect - butterfly,1,SD65441206
Inachis io,insect - butterfly,3,SD65441206
Pararge aegeria,insect - butterfly,2,SJ418899
Aglais urticae,insect - butterfly,1,SD66091210
Inachis io,insect - butterfly,1,SD66101211
Maniola jurtina,insect - butterfly,1,SD66151218
Inachis io,insect - butterfly,1,SD66181223
Pieris napi,insect - butterfly,1,SD66191224
Inachis io,insect - butterfly,1,SD66251238
Pararge aegeria,insect - butterfly,1,SD65441138
Pararge aegeria,insect - butterfly,1,SD65301135
Pararge aegeria,insect - butterfly,1,SD65501135
Aglais urticae,insect - butterfly,1,SD65921125
Vanessa atalanta,insect - butterfly,1,TQ81892517
Pieris brassicae,insect - butterfly,Abundant,TQ81982514
Pieris napi,insect - butterfly,1,TQ82052509
Aglais urticae,insect - butterfly,1,TQ82052508
Vanessa atalanta,insect - butterfly,1,TQ81912506
Lycaena phlaeas,insect - butterfly,1,TQ81902494
Pieris rapae,insect - butterfly,1,TQ81882494
Lycaena phlaeas,insect - butterfly,1,TQ81882495
Vanessa atalanta,insect - butterfly,1,TQ81882495
Lycaena phlaeas,insect - butterfly,1,SD64031282
Inachis io,insect - butterfly,1,SD63991016
Aglais urticae,insect - butterfly,1,SD64081005
Anthocharis cardamines,insect - butterfly,1,TL87318252
Pararge aegeria,insect - butterfly,1,SD65311129
Aglais urticae,insect - butterfly,2,SD66511079
Inachis io,insect - butterfly,1,SD63871038
Inachis io,insect - butterfly,1,SJ43191453
Inachis io,insect - butterfly,2,SD65901124
Aglais urticae,insect - butterfly,1,SJ43201454
Inachis io,insect - butterfly,1,SJ43441447
Aglais urticae,insect - butterfly,2,SJ43321442
Aglais urticae,insect - butterfly,1,SD65381124
Inachis io,insect - butterfly,1,SJ68572730
Anthocharis cardamines,insect - butterfly,1,SJ43211443
Pieris napi,insect - butterfly,1,SJ43221440
Inachis io,insect - butterfly,1,SJ43431440
Anthocharis cardamines,insect - butterfly,1,SJ43471442
Inachis io,insect - butterfly,1,SJ43191453
Inachis io,insect - butterfly,1,SJ43431442
Pieris napi,insect - butterfly,1,SD65641167
Pieris napi,insect - butterfly,1,SD65511185
Inachis io,insect - butterfly,1,SD65521190
Inachis io,insect - butterfly,2,SD65481196
Inachis io,insect - butterfly,1,SD65401201
Inachis io,insect - butterfly,3,SD65361203
Aglais urticae,insect - butterfly,1,SD65401205
Inachis io,insect - butterfly,1,SD65241225
Aglais urticae,insect - butterfly,1,SD66251278
Aglais urticae,insect - butterfly,1,SD66081209
Inachis io,insect - butterfly,1,SD66071205
Aglais urticae,insect - butterfly,1,SD65981190
Aglais urticae,insect - butterfly,1,SD65511185
Aglais urticae,insect - butterfly,3,SD65521190
Inachis io,insect - butterfly,1,SD66511258
Anthocharis cardamines,insect - butterfly,2,SJ43191452
Inachis io,insect - butterfly,1,SJ43191452
Pieris napi,insect - butterfly,1,SJ43191452
Aglais urticae,insect - butterfly,2,SJ43391539
Inachis io,insect - butterfly,1,SJ42951505
Aglais urticae,insect - butterfly,1,SD65401122
Anthocharis cardamines,insect - butterfly,2,SJ43181451
Pieris napi,insect - butterfly,1,SJ43191451
Inachis io,insect - butterfly,2,SJ43191452
Pieris napi,insect - butterfly,1,SJ43191454
Anthocharis cardamines,insect - butterfly,2,SJ43201457
Anthocharis cardamines,insect - butterfly,1,SJ43191462
Anthocharis cardamines,insect - butterfly,2,SJ43181468
Anthocharis cardamines,insect - butterfly,1,SJ43161469
Pieris napi,insect - butterfly,2,SJ43151472
Anthocharis cardamines,insect - butterfly,2,SJ43061479
Anthocharis cardamines,insect - butterfly,P,SJ43021486
Anthocharis cardamines,insect - butterfly,P,SJ42971505
Pieris napi,insect - butterfly,1,SJ43191454
Inachis io,insect - butterfly,1,SJ43181451
Anthocharis cardamines,insect - butterfly,1,SJ43151472
Pieris napi,insect - butterfly,2,SJ43061479
Inachis io,insect - butterfly,2,SJ43061479
Pieris napi,insect - butterfly,10,SJ43021486
Pieris napi,insect - butterfly,P,SJ42971505
Pieris napi,insect - butterfly,1,SJ43251429
Anthocharis cardamines,insect - butterfly,1,SJ42861409
Pieris napi,insect - butterfly,1,SJ432142
Pieris napi,insect - butterfly,1,SJ432142
Anthocharis cardamines,insect - butterfly,1,SJ432142
Inachis io,insect - butterfly,1,SJ42851408
Pieris brassicae,insect - butterfly,1,SJ42781405
Anthocharis cardamines,insect - butterfly,1,SJ42781405
Inachis io,insect - butterfly,1,SD65441197
Pieris napi,insect - butterfly,6,SD651121
Inachis io,insect - butterfly,1,SD65301205
Aglais urticae,insect - butterfly,1,SD65451205
Pararge aegeria,insect - butterfly,1,SJ42851408
Pieris napi,insect - butterfly,25,SD654119
Pieris brassicae,insect - butterfly,1,SD65451206
Pieris napi,insect - butterfly,2,SD65281206
Anthocharis cardamines,insect - butterfly,1,SD65281206
Pararge aegeria,insect - butterfly,,SD65301205
Pieris brassicae,insect - butterfly,1,SD65321127
Pieris napi,insect - butterfly,1,SJ43501540
Anthocharis cardamines,insect - butterfly,1,SD65541185
Anthocharis cardamines,insect - butterfly,1,SD65521188
Pieris napi,insect - butterfly,1,SD65511190
Pieris napi,insect - butterfly,P,SD65401199
Lycaena phlaeas,insect - butterfly,1,SD64931262
Lycaena phlaeas,insect - butterfly,1,SD64921265
Pieris napi,insect - butterfly,1,SD65551188
Inachis io,insect - butterfly,1,SJ43191452
Anthocharis cardamines,insect - butterfly,P,SJ43201455
Pieris napi,insect - butterfly,P,SJ43201456
Inachis io,insect - butterfly,2,SJ43221455
Lasiommata megera,insect - butterfly,1,SD65291205
Lasiommata megera,insect - butterfly,1,SD65281206
Inachis io,insect - butterfly,1,SD66081208
Pieris brassicae,insect - butterfly,1,SD66561266
Anthocharis cardamines,insect - butterfly,2,SD66331296
Inachis io,insect - butterfly,1,SD66221301
Inachis io,insect - butterfly,1,SD65881329
Callophrys rubi,insect - butterfly,1,SD66321260
Aglais urticae,insect - butterfly,1,SD33152757
Maniola jurtina,insect - butterfly,1,SJ43231443
Aglais urticae,insect - butterfly,1,SJ43241442
Pieris napi,insect - butterfly,1,SJ43281435
Aphantopus hyperantus,insect - butterfly,P,SJ429150
Pararge aegeria,insect - butterfly,1,SJ43341510
Aphantopus hyperantus,insect - butterfly,1,SJ43421505
Aphantopus hyperantus,insect - butterfly,P,SJ43441447
Aphantopus hyperantus,insect - butterfly,P,SJ43361545
Maniola jurtina,insect - butterfly,1,SJ43371544
Pararge aegeria,insect - butterfly,1,SD65291142
Aglais urticae,insect - butterfly,P,SJ429150
Maniola jurtina,insect - butterfly,P,SJ43461542
Pieris brassicae,insect - butterfly,P,SJ432143
Maniola jurtina,insect - butterfly,1,SD65361125
Maniola jurtina,insect - butterfly,1,SD65471132
Maniola jurtina,insect - butterfly,1,SD65391123
Aglais urticae,insect - butterfly,1,SD65931125
Inachis io,insect - butterfly,1,SJ43291435
Inachis io,insect - butterfly,1,SJ43291435
Aglais urticae,insect - butterfly,1,SJ43221429
Aglais urticae,insect - butterfly,1,SJ43221429
Pieris rapae,insect - butterfly,P,SJ43221429
Pieris napi,insect - butterfly,P,SJ43221429
Pieris brassicae,insect - butterfly,P,SJ43221429
Pieris brassicae,insect - butterfly,P,SJ43221429
Pieris rapae,insect - butterfly,P,SJ43221429
Pieris napi,insect - butterfly,P,SJ43221429
Aglais urticae,insect - butterfly,10,SJ43311436
Inachis io,insect - butterfly,15,SJ43311436
Vanessa atalanta,insect - butterfly,5,SJ43311436
Polygonia c-album,insect - butterfly,3,SJ43311436
Pieris brassicae,insect - butterfly,1,SJ43311436
Pieris rapae,insect - butterfly,3,SD65891125
Pieris rapae,insect - butterfly,2,SD65331127
Pieris napi,insect - butterfly,1,SD65321127
Aglais urticae,insect - butterfly,1,SD65911126
Aglais urticae,insect - butterfly,1,SD66181223
Pieris napi,insect - butterfly,1,SD65081253
Pieris napi,insect - butterfly,1,SD65321127
Aglais urticae,insect - butterfly,1,SD65511132
Maniola jurtina,insect - butterfly,1,SD65511132
Pieris napi,insect - butterfly,P,SD65511133
Maniola jurtina,insect - butterfly,2,SD65341127
Pieris rapae,insect - butterfly,P,SD65511133
Aglais urticae,insect - butterfly,3,SD65341125
Vanessa atalanta,insect - butterfly,1,SJ43251429
Pyronia tithonus,insect - butterfly,P,SJ43321542
Polygonia c-album,insect - butterfly,1,SJ43211454
Vanessa atalanta,insect - butterfly,2,SJ43221452
Pyronia tithonus,insect - butterfly,1,SJ43271448
Aglais urticae,insect - butterfly,P,SJ43291443
Thymelicus sylvestris,insect - butterfly,P,SJ43281443
Pieris rapae,insect - butterfly,P,SJ43291443
Aglais urticae,insect - butterfly,P,SJ43411459
Pyronia tithonus,insect - butterfly,P,SJ43401459
Maniola jurtina,insect - butterfly,P,SD65331127
Pieris napi,insect - butterfly,P,SD65411142
Pyronia tithonus,insect - butterfly,2,SD65301215
Pieris napi,insect - butterfly,P,SD65631164
Maniola jurtina,insect - butterfly,P,SD65541172
Pieris napi,insect - butterfly,P,SD65221224
Aglais urticae,insect - butterfly,1,SD65201240
Aglais urticae,insect - butterfly,1,SD65191241
Aglais urticae,insect - butterfly,3,SD65141244
Aglais urticae,insect - butterfly,1,SD64911284
Aglais urticae,insect - butterfly,1,SD65231234
Pyronia tithonus,insect - butterfly,1,SD65341209
Pyronia tithonus,insect - butterfly,1,SD65631165
Pararge aegeria,insect - butterfly,1,SJ43541542
Pieris napi,insect - butterfly,1,SJ43071523
Maniola jurtina,insect - butterfly,1,SD65451138
Pieris napi,insect - butterfly,1,SD65391124
Pararge aegeria,insect - butterfly,1,SD65321135
Pararge aegeria,insect - butterfly,1,SD65491130
Pararge aegeria,insect - butterfly,1,SD65311126
Pararge aegeria,insect - butterfly,1,SD65561140
Pararge aegeria,insect - butterfly,1,SD65601141
Pararge aegeria,insect - butterfly,1,SD65291216
Pararge aegeria,insect - butterfly,1,SD65271216
Pararge aegeria,insect - butterfly,1,SD64951290
Pararge aegeria,insect - butterfly,1,SD64791278
Pararge aegeria,insect - butterfly,2,SD64761279
Pararge aegeria,insect - butterfly,2,SD65311129
Pararge aegeria,insect - butterfly,1,SD65401143
Aglais urticae,insect - butterfly,P,SD42177981
Vanessa atalanta,insect - butterfly,1,SD42167981
Pieris napi,insect - butterfly,1,SD42147984
Aglais urticae,insect - butterfly,1,SD42167983
Pieris napi,insect - butterfly,1,SD42167982
Pararge aegeria,insect - butterfly,1,SJ43261431
Maniola jurtina,insect - butterfly,3,SD65341125
Maniola jurtina,insect - butterfly,P,SJ43221452
Pieris napi,insect - butterfly,P,SJ432143
Pieris brassicae,insect - butterfly,P,SJ432143
Ochlodes sylvanus,insect - butterfly,1,SJ43271448
Pyronia tithonus,insect - butterfly,P,SJ43291443
Maniola jurtina,insect - butterfly,P,SJ43291443
Aphantopus hyperantus,insect - butterfly,P,SJ43281443
Pieris brassicae,insect - butterfly,P,SJ43281443
Pieris napi,insect - butterfly,P,SJ43281443
Maniola jurtina,insect - butterfly,P,SJ43411459
Ochlodes sylvanus,insect - butterfly,P,SJ43411459
Pararge aegeria,insect - butterfly,P,SD65331127
Pieris brassicae,insect - butterfly,P,SJ432143
Pieris rapae,insect - butterfly,P,SJ432143
Pieris napi,insect - butterfly,P,SJ432143
Pararge aegeria,insect - butterfly,1,SD65321127
Inachis io,insect - butterfly,1,SO67946976
Pararge aegeria,insect - butterfly,1,SD65231133
Pieris napi,insect - butterfly,1,SD64951290
Aglais urticae,insect - butterfly,1,SJ43301432
Inachis io,insect - butterfly,1,SD42177981
Inachis io,insect - butterfly,1,SD42167983
Vanessa atalanta,insect - butterfly,1,SD42167983
Polygonia c-album,insect - butterfly,1,SD42167983
Pieris napi,insect - butterfly,1,SD42167983
Inachis io,insect - butterfly,1,SD42167982
Polygonia c-album,insect - butterfly,1,SD42167982
Aglais urticae,insect - butterfly,4,SD42167982
Inachis io,insect - butterfly,1,SD65511290
Vanessa atalanta,insect - butterfly,1,SD65901125
Pararge aegeria,insect - butterfly,1,SD65451137
Pararge aegeria,insect - butterfly,3,SD65521140
Pararge aegeria,insect - butterfly,1,SD65441137
Pararge aegeria,insect - butterfly,1,SD65641167
Pararge aegeria,insect - butterfly,1,SD64931255
Polygonia c-album,insect - butterfly,8,SJ434144
Vanessa atalanta,insect - butterfly,3,SJ434144
Pararge aegeria,insect - butterfly,2,SJ434144
Vanessa atalanta,insect - butterfly,1,SJ43221430
Vanessa atalanta,insect - butterfly,1,SD65901124
Aglais urticae,insect - butterfly,1,SD65891130
Aglais urticae,insect - butterfly,3,SJ432142
Inachis io,insect - butterfly,1,SJ432142
Aglais urticae,insect - butterfly,1,SD647093
Inachis io,insect - butterfly,1,SR97699453
Inachis io,insect - butterfly,1,SD65331213
Inachis io,insect - butterfly,2,SD65901124
Vanessa atalanta,insect - butterfly,1,SJ432142
Inachis io,insect - butterfly,1,SJ43191450
Polygonia c-album,insect - butterfly,1,SJ43431459
Inachis io,insect - butterfly,1,SD65080951
Aglais urticae,insect - butterfly,1,SK36323501
Aglais urticae,insect - butterfly,10,SK36363499
Polygonia c-album,insect - butterfly,1,SJ43341473
Anthocharis cardamines,insect - butterfly,1,SJ432142
Aglais urticae,insect - butterfly,2,SJ432142
Gonepteryx rhamni,insect - butterfly,1,SP34396834
Anthocharis cardamines,insect - butterfly,1,SJ43221446
Anthocharis cardamines,insect - butterfly,3,SJ43481440
Anthocharis cardamines,insect - butterfly,1,SJ43191431
Anthocharis cardamines,insect - butterfly,P,SJ43211454
Inachis io,insect - butterfly,1,SJ43211454
Anthocharis cardamines,insect - butterfly,1,SJ43441439
Anthocharis cardamines,insect - butterfly,1,SJ43231427
Callophrys rubi,insect - butterfly,2,SD66321259
Anthocharis cardamines,insect - butterfly,2,SJ432142
Aglais urticae,insect - butterfly,1,SJ432142
Inachis io,insect - butterfly,1,SJ43281460
Aglais urticae,insect - butterfly,1,SJ43201452
Inachis io,insect - butterfly,1,SJ43211452
Aglais urticae,insect - butterfly,1,SJ44061482
Aglais urticae,insect - butterfly,1,SD65901128
Pieris napi,insect - butterfly,1,SD65801073
Pieris napi,insect - butterfly,1,SD65821072
Pieris napi,insect - butterfly,1,SD65321128
Pararge aegeria,insect - butterfly,1,SD65251141
Pieris napi,insect - butterfly,2,SD65361124
Pieris napi,insect - butterfly,1,SD65891125
Lasiommata megera,insect - butterfly,2,SD65411209
Aglais urticae,insect - butterfly,1,SD65361124
Coenonympha pamphilus,insect - butterfly,1,SD29660135
Ochlodes sylvanus,insect - butterfly,1,SD29700179
Coenonympha pamphilus,insect - butterfly,1,SD66051157
Coenonympha pamphilus,insect - butterfly,5,SD66051157
Inachis io,insect - butterfly,1,SD66251167
Pieris napi,insect - butterfly,1,SD66361176
Pieris napi,insect - butterfly,1,SD66541194
Pieris napi,insect - butterfly,1,SD66551266
Coenonympha pamphilus,insect - butterfly,1,SD66321276
Coenonympha pamphilus,insect - butterfly,1,SD66191302
Pararge aegeria,insect - butterfly,1,SD65271144
Pararge aegeria,insect - butterfly,1,SD65321132
Pieris napi,insect - butterfly,1,SD65741137
Pieris napi,insect - butterfly,1,SD64931263
Lasiommata megera,insect - butterfly,1,SD65111218
Pieris napi,insect - butterfly,6,SD66321276
Pieris napi,insect - butterfly,1,SD65521131
Aglais urticae,insect - butterfly,1,TQ68818949
Aglais urticae,insect - butterfly,1,SJ43231435
Maniola jurtina,insect - butterfly,1,SJ432142
Pararge aegeria,insect - butterfly,1,SD65311128
Ochlodes sylvanus,insect - butterfly,1,SD65331126
Pararge aegeria,insect - butterfly,1,SD65211136
Ochlodes sylvanus,insect - butterfly,1,SD65331126
Pararge aegeria,insect - butterfly,1,SD65721089
Maniola jurtina,insect - butterfly,2,SD63811370
Pararge aegeria,insect - butterfly,1,SD64061394
Aglais urticae,insect - butterfly,1,SD65341126
Pararge aegeria,insect - butterfly,1,SD65331129
Pararge aegeria,insect - butterfly,1,SD65421143
Aphantopus hyperantus,insect - butterfly,1,SJ43461542
Maniola jurtina,insect - butterfly,P,SJ43281441
Ochlodes sylvanus,insect - butterfly,1,SJ43271441
Maniola jurtina,insect - butterfly,1,SJ43391446
Aphantopus hyperantus,insect - butterfly,P,SJ43441444
Vanessa atalanta,insect - butterfly,1,SJ43301440
Pararge aegeria,insect - butterfly,1,SJ43191434
Vanessa atalanta,insect - butterfly,1,SJ43221428
Coenonympha pamphilus,insect - butterfly,1,SD82417416
Pieris napi,insect - butterfly,1,SD79527777
Pararge aegeria,insect - butterfly,1,SD65241141
Pararge aegeria,insect - butterfly,1,SD65321129
Maniola jurtina,insect - butterfly,1,SD65331126
Maniola jurtina,insect - butterfly,1,SD65421142
Aglais urticae,insect - butterfly,1,SD65351125
Ochlodes sylvanus,insect - butterfly,1,SD65351125
Vanessa atalanta,insect - butterfly,1,SD65891125
Maniola jurtina,insect - butterfly,1,SD65221203
Maniola jurtina,insect - butterfly,P,SJ43231424
Vanessa atalanta,insect - butterfly,1,SJ43261456
Aphantopus hyperantus,insect - butterfly,P,SJ43271462
Pararge aegeria,insect - butterfly,1,SD65321129
Pararge aegeria,insect - butterfly,1,SD63841301
Aphantopus hyperantus,insect - butterfly,P,SJ43231424
Aphantopus hyperantus,insect - butterfly,P,SJ43261456
Maniola jurtina,insect - butterfly,1,SD65231108
Maniola jurtina,insect - butterfly,1,SD65351098
Maniola jurtina,insect - butterfly,1,SD65351098
Maniola jurtina,insect - butterfly,1,SD65451091
Maniola jurtina,insect - butterfly,1,SD65501087
Ochlodes sylvanus,insect - butterfly,1,SD65681076
Maniola jurtina,insect - butterfly,1,SD65691077
Vanessa atalanta,insect - butterfly,1,SD65701080
Ochlodes sylvanus,insect - butterfly,1,SD65701082
Maniola jurtina,insect - butterfly,P,SJ43091415
Pyronia tithonus,insect - butterfly,1,SJ43241439
Aglais urticae,insect - butterfly,1,SJ43241444
Aglais urticae,insect - butterfly,1,SJ43291442
Maniola jurtina,insect - butterfly,6,SD65331127
Maniola jurtina,insect - butterfly,1,SD65261140
Maniola jurtina,insect - butterfly,1,SD65281105
Aglais urticae,insect - butterfly,1,SD65841164
Aglais urticae,insect - butterfly,1,SD65981189
Aglais urticae,insect - butterfly,2,SD66121212
Maniola jurtina,insect - butterfly,1,SD66141214
Maniola jurtina,insect - butterfly,1,SD66691280
Ochlodes sylvanus,insect - butterfly,2,SD66691281
Ochlodes sylvanus,insect - butterfly,1,SD66781275
Maniola jurtina,insect - butterfly,1,SD66821259
Maniola jurtina,insect - butterfly,1,SD66151218
Vanessa atalanta,insect - butterfly,1,SJ43241428
Aphantopus hyperantus,insect - butterfly,1,SJ43401445
Pyronia tithonus,insect - butterfly,1,SJ43401544
Thymelicus sylvestris,insect - butterfly,1,SD66691280
Maniola jurtina,insect - butterfly,10,SJ43401445
Pyronia tithonus,insect - butterfly,1,SD65111200
Pararge aegeria,insect - butterfly,1,SD65061211
Pyronia tithonus,insect - butterfly,2,SD65081191
Maniola jurtina,insect - butterfly,1,SD65421143
Maniola jurtina,insect - butterfly,1,SD65081191
Pyronia tithonus,insect - butterfly,P,SD66041200
Aglais urticae,insect - butterfly,1,SD66111211
Aglais urticae,insect - butterfly,1,SD66421271
Aglais urticae,insect - butterfly,1,SD66481269
Pieris napi,insect - butterfly,1,SD66691260
Inachis io,insect - butterfly,1,SD66511268
Aglais urticae,insect - butterfly,2,SD66171221
Aglais urticae,insect - butterfly,2,SD66091210
Pyronia tithonus,insect - butterfly,2,SD66071207
Thymelicus sylvestris,insect - butterfly,3,SD66051199
Aglais urticae,insect - butterfly,1,SD65831167
Aglais urticae,insect - butterfly,1,SD65831176
Maniola jurtina,insect - butterfly,1,SD66051199
Maniola jurtina,insect - butterfly,2,SD66081205
Maniola jurtina,insect - butterfly,1,SD66091208
Aglais urticae,insect - butterfly,2,SD66171222
Coenonympha pamphilus,insect - butterfly,3,SD66241234
Vanessa cardui,insect - butterfly,2,SD66241234
Coenonympha pamphilus,insect - butterfly,1,SD66261246
Maniola jurtina,insect - butterfly,1,SD66261276
Pieris napi,insect - butterfly,1,SD66331285
Pieris napi,insect - butterfly,1,SD66691282
Maniola jurtina,insect - butterfly,1,SD66761256
Maniola jurtina,insect - butterfly,1,SD66661263
Maniola jurtina,insect - butterfly,P,SD66041200
Aglais urticae,insect - butterfly,1,SD661121
Maniola jurtina,insect - butterfly,1,SD661121
Pyronia tithonus,insect - butterfly,4,SD66051199
Thymelicus sylvestris,insect - butterfly,2,SD66051199
Pyronia tithonus,insect - butterfly,10,SD66081205
Aglais urticae,insect - butterfly,2,SD66091208
Aglais urticae,insect - butterfly,1,SD66761256
Maniola jurtina,insect - butterfly,1,SJ432142
Gonepteryx rhamni,insect - butterfly,1,SJ432142
Polygonia c-album,insect - butterfly,1,SJ432142
Vanessa atalanta,insect - butterfly,1,SJ432142
Pieris brassicae,insect - butterfly,1,SJ432142
Pyronia tithonus,insect - butterfly,1,SD64991074
Maniola jurtina,insect - butterfly,1,SD65211203
Pieris rapae,insect - butterfly,1,SD32342802
Maniola jurtina,insect - butterfly,1,SD34242792
Hipparchia semele,insect - butterfly,1,SD33502735
Maniola jurtina,insect - butterfly,1,SD33452738
Hipparchia semele,insect - butterfly,1,SD33452743
Pyronia tithonus,insect - butterfly,1,SD33382739
Polyommatus icarus,insect - butterfly,1,SD33372741
Pieris napi,insect - butterfly,P,SJ43391436
Maniola jurtina,insect - butterfly,1,SJ43291430
Pyronia tithonus,insect - butterfly,1,SJ432142
Maniola jurtina,insect - butterfly,1,SJ43171431
Vanessa atalanta,insect - butterfly,1,SD65901126
Pararge aegeria,insect - butterfly,1,SD65291139
Pararge aegeria,insect - butterfly,1,SJ55080606
Aglais urticae,insect - butterfly,1,SJ54900583
Maniola jurtina,insect - butterfly,1,SJ54900590
Pieris rapae,insect - butterfly,1,SJ54780597
Pararge aegeria,insect - butterfly,2,SD65391143
Pararge aegeria,insect - butterfly,1,SJ43251442
Vanessa atalanta,insect - butterfly,1,SP00480116
Pieris rapae,insect - butterfly,1,SP00430080
Gonepteryx rhamni,insect - butterfly,3,SP00480117
Aglais urticae,insect - butterfly,20,SP00480117
Inachis io,insect - butterfly,1,SP00480116
Pararge aegeria,insect - butterfly,12,SJ43221437
Pararge aegeria,insect - butterfly,1,SJ432142
Pararge aegeria,insect - butterfly,1,SD65451138
Vanessa atalanta,insect - butterfly,1,SD65271220
Pararge aegeria,insect - butterfly,1,TQ84271093
Vanessa atalanta,insect - butterfly,1,TQ84271093
Vanessa atalanta,insect - butterfly,1,TQ85491120
Pararge aegeria,insect - butterfly,1,SD65501141
Pararge aegeria,insect - butterfly,2,SD65511129
Pararge aegeria,insect - butterfly,4,SD65381142
Vanessa atalanta,insect - butterfly,1,SJ43181438
Vanessa atalanta,insect - butterfly,1,SO10389140
Inachis io,insect - butterfly,1,SO07668809
Vanessa atalanta,insect - butterfly,1,SO07658812
Aglais urticae,insect - butterfly,1,SO07658810
Pararge aegeria,insect - butterfly,2,SD65371142
Pararge aegeria,insect - butterfly,1,SJ43191439
Vanessa atalanta,insect - butterfly,1,SD65381143
Pieris brassicae,insect - butterfly,1,SO07658812
Vanessa atalanta,insect - butterfly,1,SJ43191439
Aeshna grandis,insect - dragonfly (Odonata),1,SD65141205
Enallagma cyathigerum,insect - dragonfly (Odonata),1,SD65361203
Aeshna grandis,insect - dragonfly (Odonata),1,SD66041051
Ischnura elegans,insect - dragonfly (Odonata),1,SD66911028
Libellula depressa,insect - dragonfly (Odonata),1,SD65481205
Enallagma cyathigerum,insect - dragonfly (Odonata),1,SD66831031
Aeshna grandis,insect - dragonfly (Odonata),1,SD65531179
Sympetrum striolatum,insect - dragonfly (Odonata),1,TQ93691874
Sympetrum striolatum,insect - dragonfly (Odonata),1,TQ91881743
Calopteryx splendens,insect - dragonfly (Odonata),1,SD72061060
Aeshna grandis,insect - dragonfly (Odonata),P,SD72071056
Calopteryx splendens,insect - dragonfly (Odonata),1,SD72021056
Calopteryx splendens,insect - dragonfly (Odonata),1,SD720106
Anax imperator,insect - dragonfly (Odonata),1,SJ548941
Sympetrum striolatum,insect - dragonfly (Odonata),1,SJ543939
Ischnura elegans,insect - dragonfly (Odonata),1,SJ543939
Libellula quadrimaculata,insect - dragonfly (Odonata),1,SD63481011
Pyrrhosoma nymphula,insect - dragonfly (Odonata),P,SD6310
Pyrrhosoma nymphula,insect - dragonfly (Odonata),1,SD658112
Coenagrion puella,insect - dragonfly (Odonata),1,SD658112
Pyrrhosoma nymphula,insect - dragonfly (Odonata),1,SD658112
Aeshna grandis,insect - dragonfly (Odonata),P,SD720105
Aeshna cyanea,insect - dragonfly (Odonata),2,SD568112
Ischnura elegans,insect - dragonfly (Odonata),1,SJ460921
Coenagrion puella,insect - dragonfly (Odonata),1,SJ460921
Coenagrion puella,insect - dragonfly (Odonata),1,SJ45889205
Coenagrion puella,insect - dragonfly (Odonata),1,SJ460921
Coenagrion puella,insect - dragonfly (Odonata),1,SJ696976
Calopteryx splendens,insect - dragonfly (Odonata),2,SJ697972
Sympetrum danae,insect - dragonfly (Odonata),1,SD527603
Ischnura elegans,insect - dragonfly (Odonata),P,SJ471891
Ischnura elegans,insect - dragonfly (Odonata),1,SJ697972
Ischnura elegans,insect - dragonfly (Odonata),P,SJ45889205
Ischnura elegans,insect - dragonfly (Odonata),P,SD38280115
Ischnura elegans,insect - dragonfly (Odonata),1,SJ460921
Ischnura elegans,insect - dragonfly (Odonata),1,SJ538941
Ischnura elegans,insect - dragonfly (Odonata),P,SJ440856
Ischnura elegans,insect - dragonfly (Odonata),1,SJ697977
Libellula depressa,insect - dragonfly (Odonata),P,SJ471891
Libellula depressa,insect - dragonfly (Odonata),1,SJ697972
Aeshna grandis,insect - dragonfly (Odonata),1,SJ575945
Enallagma cyathigerum,insect - dragonfly (Odonata),1,SJ538941
Sympetrum striolatum,insect - dragonfly (Odonata),1,SJ538941
Anax imperator,insect - dragonfly (Odonata),1,SJ697972
Anax imperator,insect - dragonfly (Odonata),1,SJ538941
Anax imperator,insect - dragonfly (Odonata),P,SJ545957
Libellula quadrimaculata,insect - dragonfly (Odonata),1,SJ697972
Libellula quadrimaculata,insect - dragonfly (Odonata),8,SJ697977
Pyrrhosoma nymphula,insect - dragonfly (Odonata),1,SJ696976
Aeshna cyanea,insect - dragonfly (Odonata),14,SD657112
Coenagrion puella,insect - dragonfly (Odonata),2,SJ696976
Coenagrion puella,insect - dragonfly (Odonata),P,SJ45889205
Coenagrion puella,insect - dragonfly (Odonata),P,SJ45889205
Calopteryx splendens,insect - dragonfly (Odonata),2,SJ697972
Sympetrum danae,insect - dragonfly (Odonata),P,SD527603
Ischnura elegans,insect - dragonfly (Odonata),P,SD38280115
Ischnura elegans,insect - dragonfly (Odonata),P,SD38280115
Ischnura elegans,insect - dragonfly (Odonata),P,SJ697977
Ischnura elegans,insect - dragonfly (Odonata),P,SJ697972
Ischnura elegans,insect - dragonfly (Odonata),P,SJ45889205
Ischnura elegans,insect - dragonfly (Odonata),P,SJ45889205
Libellula depressa,insect - dragonfly (Odonata),P,SJ697972
Anax imperator,insect - dragonfly (Odonata),P,SJ697972
Libellula quadrimaculata,insect - dragonfly (Odonata),8,SJ697977
Libellula quadrimaculata,insect - dragonfly (Odonata),P,SJ697972
Libellula quadrimaculata,insect - dragonfly (Odonata),6,SJ697972
Pyrrhosoma nymphula,insect - dragonfly (Odonata),2,SJ696976
Aeshna grandis,insect - dragonfly (Odonata),1,SD65131215
Anax imperator,insect - dragonfly (Odonata),1,SD65241203
Aeshna grandis,insect - dragonfly (Odonata),1,TG17912427
Aeshna grandis,insect - dragonfly (Odonata),1,TG17702395
Anax imperator,insect - dragonfly (Odonata),1,TG17792422
Anax imperator,insect - dragonfly (Odonata),1,SP62071204
Anax imperator,insect - dragonfly (Odonata),1,SD64981289
Aeshna grandis,insect - dragonfly (Odonata),1,SD64921286
Ischnura elegans,insect - dragonfly (Odonata),1,SD65541178
Enallagma cyathigerum,insect - dragonfly (Odonata),1,SD65541178
Sympetrum striolatum,insect - dragonfly (Odonata),1,SD65191202
Sympetrum striolatum,insect - dragonfly (Odonata),1,TQ82062507
Anax imperator,insect - dragonfly (Odonata),1,TQ81892495
Sympetrum striolatum,insect - dragonfly (Odonata),1,TQ81882495
Calopteryx splendens,insect - dragonfly (Odonata),1,SJ43481541
Lestes sponsa,insect - dragonfly (Odonata),1,SJ43481542
Calopteryx splendens,insect - dragonfly (Odonata),1,SJ43191453
Calopteryx splendens,insect - dragonfly (Odonata),1,SJ43241442
Calopteryx splendens,insect - dragonfly (Odonata),P,SJ42991516
Aeshna grandis,insect - dragonfly (Odonata),1,SJ43101480
Anax imperator,insect - dragonfly (Odonata),1,SJ43211454
Aeshna grandis,insect - dragonfly (Odonata),1,SJ43271448
Anax imperator,insect - dragonfly (Odonata),1,SJ43401459
Aeshna grandis,insect - dragonfly (Odonata),1,SJ43401459
Calopteryx splendens,insect - dragonfly (Odonata),1,SJ43461542
Aeshna grandis,insect - dragonfly (Odonata),1,SO67946976
Ischnura elegans,insect - dragonfly (Odonata),P,SJ43411459
Calopteryx virgo,insect - dragonfly (Odonata),1,SJ43211452
Enallagma cyathigerum,insect - dragonfly (Odonata),1,SD65541191
Pyrrhosoma nymphula,insect - dragonfly (Odonata),1,SD65231143
Calopteryx splendens,insect - dragonfly (Odonata),1,SJ43411445
Calopteryx splendens,insect - dragonfly (Odonata),2,SJ43191438
Ischnura elegans,insect - dragonfly (Odonata),1,SD66691280
Anax imperator,insect - dragonfly (Odonata),1,SD66311257
Aeshna grandis,insect - dragonfly (Odonata),1,SJ432142
